link,title
https://about.gitlab.com/blog/categories/engineering/,GitLab Blog
https://inkarnate.com/maps#/new?skin=fantasy-world,A world Editor
https://picrew.me/image_maker/3595,picrew
https://picrew.me/image_maker/62745,picrew-maid
https://www.dimensions.guide/,dimensions.guide
https://armstreet.com/,armstreet.com
https://i18ns.com,i18ns.com - I18n Translation Search
https://learnxinyminutes.com,Learn X in Y minutes
https://izihun.com,字魂 - 每周一套新字体-正版授权 
https://drive.google.com/drive/folders/1p5RICuEWlLhbzM8Lczsg7x-Zu88W46Uv,Apple Video Archive
http://www.punkravestore.com,gothic dress
https://postmake.io,A directory of the best tools and resources for your projects
https://fact.qq.com,较真 - 专业事实查证平台
https://www.msdmanuals.com/zh/%E9%A6%96%E9%A1%B5, 默沙东诊疗手册
https://www.17ce.com/, 网站测速
https://nameberry.com/, Baby Names - Expert Advice / Popularity / and Meanings | Nameberry
https://zws.im, Zero Width Shortener
http://www.gutenberg.org/browse/scores/top, 33000+ free ebooks online
https://www.ssllabs.com/ssltest/, SSL Server Test
https://www.iconfont.cn, Iconfont-阿里巴巴矢量图标库
https://bellard.org/quickjs/, QuickJS Javascript Engine
https://www.resdiy.com, resdiy —— ヾ(=･ω･=)o 素材自助生成平台
https://msdn.itellyou.cn/, I Tell You - 原版软件信息收录站点
https://zzz.dog, pseudo-3D engine
https://dummyimage.com/, Dynamic Dummy Image Generator
http://www.lsjgcx.com, 历史价格查询
https://www.poliigon.com/, A library of materials
https://uiiiuiii.com, PS教程/AI教程/原创免费教程
https://rmfygg.court.gov.cn, 人民法院公告网
http://www.stats.gov.cn/tjsj/, 国家统计局
https://de.hideproxy.me/, hide.me
https://bundlephobia.com/, find the cost of adding a npm package to your bundle
http://pngimg.com/, The largest FREE transparent PNG images clipart catalog for design and web design in best resolution and quality
https://bundlephobia.com/, find the cost of adding a npm package to your bundle
https://dummyimage.com/, Dynamic Dummy Image Generator
https://astexplorer.net/, An online AST explorer
https://sspai.com/, 少数派
https://docs.rsshub.app, rsshub
http://rtings.com/, Reviews and Ratings
https://www.gsmarena.com/, gsmarena - mobile phone reviews
https://www.smartreview.com/, smartreview
https://nanoreview.net/en, nanoreview - Most advanced comparisons of chipsets, smartphones, watches and other gadgets
https://html.spec.whatwg.org/, HTML Standard
https://www.tomshardware.com/reviews/gpu-hierarchy,4388.html, gpu-hierarchy
http://www.cosdna.com/eng/, CosDNA Cosmetic Ingredients